City_ID,City,Lat,Lng,Max Temp,Humidity,Cloudiness,Wind Speed,Country,Date
0,adamstown,-25.066,-130.1015,23.03,85,100,17.51,PN,1690329577
1,coahuayana de hidalgo,18.7,-103.6583,30.56,68,99,1.65,MX,1690329578
2,tinajo,29.0788,-13.7081,22.49,73,75,7.2,ES,1690329578
3,yellowknife,62.456,-114.3525,25.31,23,75,8.23,CA,1690329578
4,port mathurin,-19.6833,63.4167,23.23,78,25,6.83,MU,1690329578
5,north bay,46.3168,-79.4663,25.06,67,0,3.09,CA,1690329578
6,lata,40.1629,-8.3327,12.61,94,0,0.88,PT,1690329578
7,yuzhno-kurilsk,44.0306,145.8556,21.81,84,50,0.68,RU,1690329578
8,puerto ayora,-0.7393,-90.3518,25.31,91,48,2.24,EC,1690329578
9,grytviken,-54.2811,-36.5092,-3.39,84,83,4.24,GS,1690329579
10,poronaysk,49.2167,143.1167,15.67,98,100,2.74,RU,1690329579
11,obama,35.4958,135.746,31.64,68,0,1.23,JP,1690329579
12,itaituba,-4.2761,-55.9836,25.75,54,26,0.19,BR,1690329579
13,tazovsky,67.4667,78.7,12.72,71,81,4.57,RU,1690329579
14,minas de marcona,-15.2119,-75.1103,12.63,87,28,5.51,PE,1690329579
15,albany,42.6001,-73.9662,23.52,85,99,0.45,US,1690329432
16,jinxiang,27.4327,120.6062,27.9,82,55,3.56,CN,1690329579
17,ushuaia,-54.8,-68.3,-0.19,64,20,2.57,AR,1690329579
18,new norfolk,-42.7826,147.0587,14.4,73,100,3.88,AU,1690329580
19,selfoss,63.9331,-20.9971,11.69,89,99,1.96,IS,1690329580
20,nuku'alofa,-21.1333,-175.2,23.19,64,75,2.57,TO,1690329580
21,vernon,50.2581,-119.2691,24.74,33,100,2.68,CA,1690329580
22,enewetak,11.3474,162.3373,28.4,79,64,7.35,MH,1690329580
23,itapuranga,-15.5622,-49.9486,24.21,44,93,1.2,BR,1690329580
24,port elizabeth,-33.918,25.5701,9.16,71,0,2.57,ZA,1690329580
25,qaqortoq,60.7167,-46.0333,6.34,90,92,0.77,GL,1690329581
26,moroni,-11.7022,43.2551,24.2,79,12,7.85,KM,1690329581
27,vilyuchinsk,52.9306,158.4028,22.15,68,66,1.45,RU,1690329581
28,rodolfo sanchez taboada,31.7167,-116.5667,23.94,72,37,0.89,MX,1690329581
29,edinburgh of the seven seas,-37.0676,-12.3116,11.28,61,100,8.39,SH,1690329581
30,cidreira,-30.1811,-50.2056,17.0,97,99,1.08,BR,1690329581
31,hawaiian paradise park,19.5933,-154.9731,27.8,82,74,0.45,US,1690329582
32,bredasdorp,-34.5322,20.0403,7.24,75,6,2.65,ZA,1690329582
33,blackmans bay,-43.0167,147.3167,13.74,66,100,3.98,AU,1690329582
34,arkhangel'sk,64.5401,40.5433,11.29,98,81,1.91,RU,1690329582
35,badger,64.8,-147.5333,27.85,54,75,3.6,US,1690329582
36,college,64.8569,-147.8028,27.89,57,75,3.6,US,1690329582
37,christchurch,-43.5333,172.6333,10.51,59,63,8.23,NZ,1690329582
38,kirksville,40.1948,-92.5833,25.97,83,20,4.63,US,1690329582
39,bilibino,68.0546,166.4372,10.96,92,100,1.17,RU,1690329582
40,dali,25.7,100.1833,18.64,90,92,1.84,CN,1690329583
41,hamilton,39.1834,-84.5333,30.24,59,0,2.57,US,1690329579
42,iqaluit,63.7506,-68.5145,6.85,81,100,2.06,CA,1690329481
43,talnakh,69.4865,88.3972,17.34,58,0,0.27,RU,1690329583
44,waitangi,-43.9535,-176.5597,9.34,98,100,0.45,NZ,1690329583
45,dudinka,69.4058,86.1778,17.57,59,0,5.4,RU,1690329583
46,praia da vitoria,38.7333,-27.0667,22.14,88,75,4.3,PT,1690329583
47,port-aux-francais,-49.35,70.2167,3.66,83,96,11.8,TF,1690329583
48,olmos,-5.9847,-79.7453,22.72,64,50,3.67,PE,1690329584
49,ilulissat,69.2167,-51.1,2.84,91,49,0.8,GL,1690329584
50,isafjordur,66.0755,-23.124,6.73,82,88,3.81,IS,1690329584
51,nizhneangarsk,55.7833,109.55,13.6,85,82,1.48,RU,1690329584
52,richards bay,-28.783,32.0377,16.93,75,39,6.51,ZA,1690329584
53,alesund,62.4723,6.1549,15.97,93,75,5.14,NO,1690329586
54,manacapuru,-3.2997,-60.6206,27.1,53,7,1.09,BR,1690329586
55,kintinku,-5.8833,35.2333,19.27,52,2,0.97,TZ,1690329586
56,hasaki,35.7333,140.8333,31.27,75,61,3.6,JP,1690329586
57,bethel,41.3712,-73.414,21.2,88,75,2.06,US,1690329577
58,geraldton,-28.7667,114.6,14.23,72,40,5.66,AU,1690329586
59,longyearbyen,78.2186,15.6401,10.91,66,0,2.06,SJ,1690329586
60,neryungri,56.6709,124.6491,20.15,71,16,0.69,RU,1690329587
61,laurel,39.0993,-76.8483,30.7,61,0,3.09,US,1690329287
62,balqash,46.8481,74.995,23.31,47,80,6.7,KZ,1690329587
63,newport,51.5877,-2.9984,14.69,84,6,2.05,GB,1690329587
64,kismayo,-0.3582,42.5454,24.44,81,73,6.32,SO,1690329587
65,iskateley,67.6803,53.1512,15.36,75,45,2.2,RU,1690329587
66,bocas del toro,9.3333,-82.25,25.12,77,100,3.58,PA,1690329587
67,olonkinbyen,70.9221,-8.7187,5.67,86,100,3.86,SJ,1690329588
68,whakatane,-37.9585,176.9854,13.27,72,93,4.47,NZ,1690329588
69,aasiaat,68.7098,-52.8699,3.52,93,90,2.0,GL,1690329588
70,gazli,40.1333,63.45,32.34,19,0,4.88,UZ,1690329588
71,saipan,15.1355,145.701,26.39,100,40,6.17,MP,1690329588
72,zemio,5.0314,25.1361,20.67,99,100,1.5,CF,1690329588
73,stanley,54.868,-1.6985,12.1,91,75,3.57,GB,1690329588
74,chui,-33.6971,-53.4616,13.18,91,100,4.68,UY,1690329589
75,kirakira,-10.4544,161.9205,27.63,84,99,5.45,SB,1690329589
76,ust-nera,64.5667,143.2,18.63,61,54,1.5,RU,1690329589
77,gadzhiyevo,69.2551,33.3362,9.37,95,95,2.3,RU,1690329589
78,lake havasu city,34.4839,-114.3224,47.35,10,51,3.6,US,1690329543
79,margaret river,-33.95,115.0667,11.33,80,98,8.42,AU,1690329589
80,nema,57.5067,50.5011,12.29,96,10,1.32,RU,1690329589
81,ulsteinvik,62.3432,5.8487,15.97,90,100,2.24,NO,1690329590
82,papatowai,-46.5619,169.4708,7.41,75,52,5.24,NZ,1690329590
83,polyarnyy,69.1989,33.4478,9.49,95,89,2.25,RU,1690329590
84,maile,-38.9466,-72.3727,8.34,98,96,1.81,CL,1690329590
85,howard springs,-12.497,131.047,18.95,43,23,4.08,AU,1690329590
86,bobo-dioulasso,11.1771,-4.2979,26.25,89,0,1.03,BF,1690329590
87,kouroussa,10.65,-9.8833,21.22,98,95,1.57,GN,1690329590
88,kodinar,20.7903,70.7031,26.85,89,85,6.44,IN,1690329591
89,harstad,68.799,16.5293,16.0,93,98,2.68,NO,1690329591
90,sao vicente,-23.9631,-46.3919,26.26,26,34,0.87,BR,1690329591
91,tiksi,71.6872,128.8694,5.28,79,52,3.76,RU,1690329591
92,page,36.9147,-111.4558,37.05,17,47,3.13,US,1690329591
93,luderitz,-26.6481,15.1594,13.03,79,44,1.58,NA,1690329591
94,kerikeri,-35.2268,173.9474,14.39,73,5,5.36,NZ,1690329592
95,whitecourt,54.1502,-115.6855,17.58,55,40,6.17,CA,1690329592
96,atafu village,-8.5421,-172.5159,28.83,71,3,8.21,TK,1690329592
97,victoria,22.2855,114.1577,31.91,84,51,1.79,HK,1690329398
98,whitehorse,60.7161,-135.0538,23.9,47,75,1.03,CA,1690329340
99,west island,-12.1568,96.8225,24.99,73,75,8.23,CC,1690329592
100,guarapari,-20.6667,-40.4975,20.5,95,99,3.71,BR,1690329592
101,zyryanskoye,56.8306,86.6258,16.03,94,64,2.9,RU,1690329592
102,preobrazheniye,42.9019,133.9064,25.29,71,39,4.18,RU,1690329592
103,ribeira grande,38.5167,-28.7,20.99,84,31,2.24,PT,1690329593
104,ambodifotatra,-16.9833,49.85,22.02,84,64,2.18,MG,1690329593
105,punta arenas,-53.15,-70.9167,-0.18,86,87,5.18,CL,1690329593
106,east london,-33.0153,27.9116,14.71,30,100,2.82,ZA,1690329593
107,sandnessjoen,66.0217,12.6316,15.29,77,96,3.77,NO,1690329593
108,tieli,46.95,128.05,22.95,87,18,2.78,CN,1690329594
109,big spring,32.2504,-101.4787,38.39,21,0,4.63,US,1690329594
110,puerto natales,-51.7236,-72.4875,-1.79,88,21,3.16,CL,1690329351
111,sann,26.0418,68.1378,30.22,76,90,2.03,PK,1690329594
112,sabang,5.8933,95.3214,28.13,76,98,9.65,ID,1690329594
113,alexander city,32.944,-85.9539,30.88,55,0,0.0,US,1690329594
114,luanda,-8.8368,13.2343,22.0,78,75,2.06,AO,1690329451
115,oshawa,43.9001,-78.8496,26.49,74,75,2.57,CA,1690329577
116,georgetown,5.4112,100.3354,27.23,89,20,1.03,MY,1690329312
117,prado,-17.3411,-39.2208,21.78,91,44,4.0,BR,1690329595
118,brookings,44.3114,-96.7984,32.32,64,0,6.17,US,1690329595
119,fort dodge,42.4975,-94.168,30.0,70,75,3.6,US,1690329423
120,thompson,55.7435,-97.8558,22.09,43,40,5.66,CA,1690329595
121,ebon,4.582,168.6964,28.32,75,42,1.18,MH,1690329595
122,lihue,21.9789,-159.3672,29.58,71,71,6.68,US,1690329595
123,talwandi bhai,30.85,74.9333,26.98,89,97,3.37,IN,1690329595
124,zhengzhou,34.7578,113.6486,26.27,58,0,2.23,CN,1690329595
125,daru,-9.0763,143.2092,26.58,67,100,6.29,PG,1690329596
126,fuglafjordur,62.244,-6.814,9.26,89,96,3.26,FO,1690329596
127,al mayadin,35.0209,40.4535,32.11,23,0,6.57,SY,1690329596
128,tual,-5.6667,132.75,25.38,80,100,8.63,ID,1690329596
129,arambol,15.6868,73.7045,24.94,92,100,5.6,IN,1690329596
130,margate,51.3813,1.3862,15.94,70,49,1.79,GB,1690329596
131,susuman,62.7833,148.1667,15.9,72,94,2.35,RU,1690329596
132,nova sintra,14.8667,-24.7167,22.55,87,78,6.54,CV,1690329596
133,zag,46.9441,99.165,12.73,51,21,1.14,MN,1690329597
134,kodiak,57.79,-152.4072,15.79,76,14,3.72,US,1690329597
135,utrik,11.2278,169.8474,28.45,80,60,8.49,MH,1690329597
136,uturoa,-16.7333,-151.4333,26.92,81,14,7.1,PF,1690329597
137,south hedland,-20.4089,118.5983,14.96,55,17,5.66,AU,1690329597
138,port alfred,-33.5906,26.891,15.02,50,88,3.77,ZA,1690329597
139,klyuchi,52.2667,79.1667,18.95,56,10,1.69,RU,1690329597
140,korocha,50.8107,37.1953,22.4,58,44,4.77,RU,1690329598
141,elkins,38.9259,-79.8467,24.87,79,0,1.54,US,1690329598
142,essaouira,31.5125,-9.77,21.72,88,0,3.09,MA,1690329598
143,opuwo,-18.0607,13.84,16.38,35,2,2.12,NA,1690329598
144,tsiombe,-25.3,45.4833,18.14,54,62,3.32,MG,1690329598
145,selkirk,50.1436,-96.8845,27.28,79,100,5.99,CA,1690329598
146,invercargill,-46.4,168.35,7.86,76,54,5.8,NZ,1690329598
147,merizo village,13.2658,144.6691,28.85,88,100,8.48,GU,1690329598
148,wailua homesteads,22.0669,-159.378,29.24,78,76,2.68,US,1690329599
149,san borja,-14.8167,-66.85,23.59,68,35,0.43,BO,1690329599
150,malango,-2.9627,119.9001,20.77,79,23,0.43,ID,1690329599
151,antofagasta,-23.65,-70.4,16.6,84,55,1.71,CL,1690329599
152,morant bay,17.8815,-76.4093,30.79,81,28,3.25,JM,1690329599
153,la foa,-21.7108,165.8276,21.72,48,11,8.03,NC,1690329599
154,chonchi,-42.6128,-73.8092,8.56,96,56,1.44,CL,1690329599
155,adrar,20.5022,-10.0711,37.2,18,92,1.34,MR,1690329600
156,pisco,-13.7,-76.2167,20.03,73,0,8.23,PE,1690329600
157,vyyezdnoye,55.3815,43.7864,15.59,96,99,2.65,RU,1690329600
158,hermanus,-34.4187,19.2345,8.78,60,33,2.97,ZA,1690329459
159,nizhnesortymskiy,62.4397,71.7603,15.81,97,96,1.28,RU,1690329601
160,ponta delgada,37.7333,-25.6667,21.4,83,40,1.03,PT,1690329603
161,sayre,41.979,-76.5155,24.54,84,73,1.39,US,1690329604
162,inarajan village,13.2736,144.7484,29.08,88,100,8.68,GU,1690329607
163,nyagan,62.1406,65.3936,15.72,97,100,1.8,RU,1690329609
164,severo-yeniseyskiy,60.3725,93.0408,17.08,90,75,0.26,RU,1690329610
165,revda,56.801,59.9303,14.99,72,100,1.37,RU,1690329611
166,jamestown,42.097,-79.2353,23.73,78,0,1.54,US,1690329528
167,alice springs,-23.7,133.8833,10.75,54,4,0.0,AU,1690329611
168,geneina,13.45,22.45,26.62,60,88,4.73,SD,1690329617
169,kingston,17.997,-76.7936,30.53,78,20,9.26,JM,1690329577
170,buala,-8.145,159.5921,28.68,75,92,3.44,SB,1690329617
171,blackfoot,43.1905,-112.345,35.03,9,0,7.58,US,1690329617
172,amahai,-3.3333,128.9167,27.78,91,100,2.93,ID,1690329618
173,kidal,18.4411,1.4078,33.91,36,37,3.41,ML,1690329619
174,ciudad constitucion,25.0369,-111.6644,33.37,31,36,6.83,MX,1690329621
175,eyl,7.9803,49.8164,25.08,72,5,11.51,SO,1690329622
176,zhosaly,45.4878,64.0781,30.03,26,26,7.18,KZ,1690329623
177,tvoroyri,61.5556,-6.8111,9.87,88,97,3.03,FO,1690329625
178,san clemente del tuyu,-36.3569,-56.7235,11.66,91,100,6.98,AR,1690329626
179,bairnsdale,-37.8333,147.6167,11.85,58,11,1.3,AU,1690329585
180,kill devil hills,36.0307,-75.676,29.43,75,0,3.6,US,1690329627
181,nemuro,43.3236,145.575,15.67,100,100,1.23,JP,1690329628
182,roswell,34.0232,-84.3616,32.62,59,0,3.6,US,1690329573
183,mogocha,53.7333,119.7667,19.83,79,26,0.93,RU,1690329628
184,udachny,66.4167,112.4,18.25,50,98,5.8,RU,1690329628
185,las tablas,7.7667,-80.2833,25.77,89,100,2.61,PA,1690329629
186,grafing bei munchen,48.046,11.968,13.14,93,100,5.62,DE,1690329629
187,marolambo,-20.05,48.1167,14.81,98,34,1.36,MG,1690329629
188,spring creek,40.7266,-115.5859,32.83,14,3,5.08,US,1690329564
189,kenai,60.5544,-151.2583,17.05,89,100,3.09,US,1690329629
190,inhambane,-23.865,35.3833,14.02,81,8,1.45,MZ,1690329630
191,arraial do cabo,-22.9661,-42.0278,21.61,90,0,10.51,BR,1690329540
192,tolanaro,-25.0319,46.9987,18.04,72,20,3.09,MG,1690329630
193,tamanrasset,22.785,5.5228,27.95,13,0,2.06,DZ,1690329631
194,argo,37.6333,22.7333,30.67,29,0,4.07,GR,1690329631
195,gdov,58.7406,27.8122,15.93,92,76,6.58,RU,1690329631
196,crane,31.3974,-102.3501,35.92,19,46,7.91,US,1690329632
197,vorgashor,67.5833,63.95,16.21,80,100,3.13,RU,1690329632
198,vadso,70.0744,29.7487,9.49,93,100,3.6,NO,1690329632
199,shache,38.4167,77.2406,24.28,47,20,3.44,CN,1690329633
200,verkhnevilyuysk,63.4453,120.3167,19.37,46,80,3.22,RU,1690329633
201,darwin,-12.4611,130.8418,18.99,42,0,6.17,AU,1690329633
202,puerto baquerizo moreno,-0.9,-89.6,25.05,82,25,5.5,EC,1690329633
203,itoman,26.1247,127.6694,30.01,87,75,6.69,JP,1690329634
204,fort-shevchenko,44.5086,50.263,25.2,67,3,6.34,KZ,1690329634
205,twon-brass,4.3151,6.2418,24.88,92,81,1.95,NG,1690329634
206,remire-montjoly,4.9167,-52.2667,26.02,94,0,1.03,GF,1690329634
207,fisterra,42.9049,-9.2629,15.42,82,100,4.02,ES,1690329635
208,marsa alam,25.0757,34.8918,33.04,29,31,0.94,EG,1690329635
209,al kharj,24.155,47.3346,33.32,10,87,2.94,SA,1690329635
210,boonville,38.9736,-92.7432,33.43,62,40,4.12,US,1690329627
211,la paz,-16.5,-68.15,11.99,37,0,3.09,BO,1690329584
212,santa ana de yacuma,-13.75,-65.4333,28.97,61,27,0.0,BO,1690329636
213,gloucester,51.8657,-2.2431,13.18,86,46,0.45,GB,1690329636
214,shingu,33.7333,135.9833,33.28,54,4,0.3,JP,1690329636
215,saint-esprit,14.55,-60.9333,25.53,89,0,2.57,MQ,1690329636
216,acarau,-2.8856,-40.12,27.06,80,9,9.41,BR,1690329636
217,salinopolis,-0.6136,-47.3561,28.04,74,78,7.79,BR,1690329636
218,egilsstadir,65.2653,-14.3948,5.95,87,75,3.6,IS,1690329637
219,mount isa,-20.7333,139.5,19.87,68,75,4.63,AU,1690329637
220,aginskoye,51.1,114.53,21.29,62,29,1.04,RU,1690329637
221,st. john's,47.5649,-52.7093,18.66,88,75,2.06,CA,1690329607
222,tagiura,32.8817,13.3506,32.69,39,0,4.35,LY,1690329637
223,colonia,50.9333,6.95,14.92,79,0,1.03,DE,1690329637
224,bethanie,-26.4833,17.15,14.55,28,85,5.13,NA,1690329638
225,vila velha,-20.3297,-40.2925,20.97,98,100,1.03,BR,1690329638
226,ola,59.5833,151.2833,21.75,64,34,2.8,RU,1690329638
227,afaahiti,-17.75,-149.2833,26.93,84,0,9.21,PF,1690329643
228,neiafu,-18.65,-173.9833,24.38,64,75,1.03,TO,1690329643
229,la ronge,55.1001,-105.2842,24.14,43,100,4.12,CA,1690329644
230,ulladulla,-35.35,150.4667,16.19,45,17,3.02,AU,1690329644
231,saldanha,-33.0117,17.9442,13.57,67,92,0.31,ZA,1690329644
232,xiaoweizhai,26.1903,107.5125,24.02,91,100,1.26,CN,1690329644
233,nueve de julio,-35.4444,-60.8831,10.54,89,100,1.79,AR,1690329592
234,lumberton,34.6182,-79.0086,31.99,55,0,1.54,US,1690329644
235,bereket,39.2446,55.5154,26.48,71,6,5.8,TM,1690329644
236,ribas do rio pardo,-20.4431,-53.7592,22.37,35,0,1.22,BR,1690329645
237,tshabong,-26.05,22.45,16.04,51,29,7.97,BW,1690329645
238,sarina,-21.4333,149.2167,21.82,61,48,6.3,AU,1690329645
239,port augusta,-32.5,137.7667,12.47,53,0,1.22,AU,1690329645
240,big rapids,43.6981,-85.4837,26.85,67,0,0.0,US,1690329636
241,touros,-5.1989,-35.4608,25.57,76,46,9.55,BR,1690329645
242,anadyr,64.75,177.4833,13.28,82,75,3.58,RU,1690329645
243,avarua,-21.2078,-159.775,24.03,60,75,3.09,CK,1690329646
244,tofol,5.3248,163.0078,28.88,79,75,1.54,FM,1690329646
245,guasdualito,7.2424,-70.7324,26.98,83,20,1.03,VE,1690329646
246,gizo,-8.103,156.8419,25.92,91,100,7.44,SB,1690329646
247,pangody,65.85,74.4859,18.21,65,100,6.16,RU,1690329646
248,meulaboh,4.1363,96.1285,23.93,93,77,1.69,ID,1690329646
249,sorsk,54.0033,90.2467,14.38,88,55,3.38,RU,1690329647
250,khanty-mansiysk,61.0042,69.0019,17.06,100,75,0.0,RU,1690329647
251,belle glade,26.6845,-80.6676,28.9,67,38,9.86,US,1690329647
252,saint-philippe,-21.3585,55.7679,20.77,86,82,1.85,RE,1690329647
253,boguchany,58.3814,97.4531,18.57,83,37,0.82,RU,1690329647
254,al fallujah,33.3538,43.7795,28.94,24,0,3.4,IQ,1690329648
255,ha'il,27.5219,41.6907,29.01,18,0,1.03,SA,1690329648
256,san mariano,7.5,126.0,27.25,72,93,2.12,PH,1690329648
257,new hamburg,43.3834,-80.6997,25.82,68,2,3.04,CA,1690329648
258,at-bashi,41.1702,75.8106,12.73,63,1,0.7,KG,1690329648
259,hobyo,5.3505,48.5268,24.61,80,49,10.66,SO,1690329648
260,abraveses,40.6814,-7.921,13.69,76,0,1.4,PT,1690329649
261,hirara,24.8,125.2833,29.92,79,75,7.72,JP,1690329649
262,dryden,49.7833,-92.7503,20.16,83,100,2.06,CA,1690329649
263,fougamou,-1.2154,10.5838,22.79,83,59,1.74,GA,1690329649
264,ciudad lazaro cardenas,17.9583,-102.2,29.42,74,79,1.26,MX,1690329649
265,mariental,-24.6333,17.9667,14.09,40,32,1.54,NA,1690329649
266,katsuura,35.1333,140.3,30.32,61,93,2.32,JP,1690329649
267,nishinoomote,30.7333,131.0,28.31,100,75,4.63,JP,1690329650
268,soio,-6.1349,12.3689,22.1,81,0,1.6,AO,1690329650
269,denkanikota,12.5333,77.8,20.18,95,100,7.58,IN,1690329650
270,impfondo,1.6381,18.0667,22.97,90,100,1.25,CG,1690329650
271,gorodoviki,46.1353,41.9656,21.69,55,5,3.36,RU,1690329650
272,kargasok,59.0556,80.8572,15.6,91,8,2.77,RU,1690329651
273,jieshi,22.8134,115.8257,28.85,77,82,2.27,CN,1690329651
274,fale old settlement,-9.3852,-171.2468,28.83,71,6,7.6,TK,1690329651
275,lebu,-37.6167,-73.65,11.28,77,95,3.2,CL,1690329651
276,mount pearl,47.5166,-52.7813,18.19,88,75,2.06,CA,1690329651
277,rio grande,-32.035,-52.0986,16.06,96,100,4.44,BR,1690329651
278,kankaanpaa,61.8,22.4167,14.42,88,100,2.33,FI,1690329652
279,ouezzane,34.7971,-5.5822,16.72,83,0,0.36,MA,1690329652
280,hammerfest,70.6634,23.6821,11.25,87,20,3.6,NO,1690329652
281,fort bragg,35.139,-79.006,32.08,58,0,2.06,US,1690329586
282,ambon,-3.6954,128.1814,28.46,100,40,3.09,ID,1690329627
283,swift current,50.2834,-107.8014,31.45,16,0,7.2,CA,1690329606
284,tateyama,34.9833,139.8667,26.7,82,98,1.82,JP,1690329652
285,mana,5.6592,-53.7767,26.58,82,33,4.03,GF,1690329653
286,mitu,1.1983,-70.1733,21.77,99,93,0.24,CO,1690329613
287,tosontsengel,48.7567,98.2839,12.27,66,82,1.21,MN,1690329653
288,belmonte,-15.8631,-38.8828,20.11,97,20,0.2,BR,1690329658
289,timbuktu,16.7735,-3.0074,30.72,48,85,3.41,ML,1690329482
290,mathba,22.2855,89.9629,27.43,88,98,4.8,BD,1690329658
291,kayangel,8.0823,134.7173,25.7,84,100,4.57,PW,1690329659
292,zhangjiakou shi xuanhua qu,40.6103,115.0447,25.93,50,26,3.38,CN,1690329659
293,sona,45.4388,10.8255,21.51,53,75,3.09,IT,1690329659
294,bikenibeu village,1.3673,173.1241,24.98,94,75,2.06,KI,1690329659
295,palapag,12.5458,125.1147,28.37,77,100,11.56,PH,1690329659
296,road town,18.4167,-64.6167,26.02,89,40,3.09,VG,1690329659
297,port lincoln,-34.7333,135.8667,11.89,65,0,3.71,AU,1690329659
298,codrington,-38.2667,141.9667,9.6,81,100,2.97,AU,1690329660
299,brigantine,39.4101,-74.3646,23.91,89,23,1.85,US,1690329660
300,sitangkai,4.6628,119.3928,28.23,82,99,8.69,PH,1690329660
301,igarka,67.4667,86.5833,19.2,68,8,3.12,RU,1690329660
302,rongelap,11.1635,166.8941,28.53,75,81,8.12,MH,1690329660
303,san antonio de pale,-1.4014,5.6325,22.93,93,89,5.11,GQ,1690329660
304,lauro de freitas,-12.8944,-38.3272,26.01,78,40,2.57,BR,1690329661
305,oranjemund,-28.55,16.4333,12.33,92,40,5.73,NA,1690329661
306,lakatoro,-16.0999,167.4164,24.25,75,99,3.19,VU,1690329661
307,katsuren-haebaru,26.3369,127.8719,30.01,83,75,4.63,JP,1690329661
308,masterton,-40.9597,175.6575,7.16,89,100,3.84,NZ,1690329661
309,albertina,-22.2008,-46.6158,19.29,50,93,1.53,BR,1690329662
310,iacu,-12.7672,-40.2117,20.78,78,26,1.32,BR,1690329662
311,constantia,44.1833,28.65,24.38,66,23,8.01,RO,1690329662
312,robore,-18.3333,-59.75,25.24,39,28,1.5,BO,1690329662
313,santa maria,-29.6842,-53.8069,15.61,100,100,2.06,BR,1690329637
314,khilok,51.3674,110.4676,16.4,89,54,1.0,RU,1690329663
315,jinchang,38.4953,102.1739,26.11,31,100,6.26,CN,1690329663
316,frontera,26.9333,-101.45,36.61,29,2,2.68,MX,1690329663
317,vilyuysk,63.7553,121.6247,19.58,43,58,3.47,RU,1690329664
318,guerrero negro,27.9769,-114.0611,23.93,64,59,7.94,MX,1690329664
319,zhezqazghan,47.7833,67.7667,24.75,31,58,3.86,KZ,1690329664
320,champerico,14.3,-91.9167,34.3,70,56,3.45,GT,1690329664
321,kununurra,-15.7667,128.7333,18.99,45,71,1.54,AU,1690329481
322,chanika,-5.4167,38.0167,15.82,98,29,1.28,TZ,1690329665
323,yaren,-0.5472,166.916,27.81,78,100,6.61,NR,1690329665
324,cafayate,-26.073,-65.9761,14.39,39,8,0.58,AR,1690329665
325,torghay,49.6339,63.4981,26.61,36,100,6.23,KZ,1690329666
326,magadan,59.5667,150.8,21.41,80,57,2.17,RU,1690329666
327,bonthe,7.5264,-12.505,24.42,91,100,1.02,SL,1690329666
328,bonny,4.4522,7.1681,25.78,87,98,3.2,NG,1690329666
329,sibut,5.718,19.0739,21.44,96,100,1.17,CF,1690329666
330,linxia chengguanzhen,35.6003,103.2064,19.94,60,97,1.11,CN,1690329667
331,leava,-14.3,-178.1667,26.11,75,98,8.03,WF,1690329667
332,cerro largo,-28.1486,-54.7381,18.04,78,96,0.9,BR,1690329667
333,mili,6.0815,171.735,28.58,72,96,2.03,MH,1690329667
334,mugia,43.1041,-9.2179,15.51,85,96,2.51,ES,1690329667
335,nizhniy kuranakh,58.8353,125.4869,21.12,73,98,0.79,RU,1690329668
336,kamina,-8.7386,24.9906,17.48,44,20,1.69,CD,1690329668
337,pyt-yakh,60.7499,72.8582,15.05,98,50,1.84,RU,1690329668
338,petropavlovsk-kamchatsky,53.0452,158.6483,21.33,64,20,2.0,RU,1690329668
339,qui nhon,13.7667,109.2333,27.3,78,83,3.38,VN,1690329668
340,chulym,55.0997,80.9572,15.54,80,2,2.56,RU,1690329669
341,tazacorte,28.629,-17.9293,22.54,85,75,5.14,ES,1690329669
342,busalla,44.5706,8.9454,21.85,75,0,1.03,IT,1690329669
343,al jawf,29.5,38.75,28.45,20,5,4.81,SA,1690329669
344,guadalupe y calvo,26.1,-106.9667,20.79,69,98,2.69,MX,1690329669
345,kourou,5.1552,-52.6478,26.03,90,75,2.8,GF,1690329669
346,tommot,58.9564,126.2925,21.65,81,97,0.85,RU,1690329670
347,pandan,14.0453,124.1694,28.96,78,100,7.44,PH,1690329670
348,birobidzhan,48.8,132.95,25.0,69,49,2.2,RU,1690329670
349,mont-tremblant,46.1949,-74.6264,20.77,83,51,0.0,CA,1690329629
350,sao jose do belmonte,-7.8614,-38.7597,21.19,66,15,4.5,BR,1690329670
351,santa maria del oro,25.9333,-105.3667,27.73,34,84,5.17,MX,1690329671
352,puerto aysen,-45.4,-72.7,4.85,100,100,1.15,CL,1690329671
353,asau,46.4333,26.4,17.51,75,89,1.11,RO,1690329671
354,xique xique,-10.8217,-42.7311,24.97,50,7,6.74,BR,1690329671
355,samus',56.7475,84.6992,17.22,96,43,1.97,RU,1690329671
356,pocoes,-14.5297,-40.3653,15.91,98,18,1.61,BR,1690329671
357,saint-pierre,-21.3393,55.4781,20.82,73,0,2.06,RE,1690329672
358,labytnangi,66.6572,66.4183,17.74,71,100,6.27,RU,1690329672
359,mulanje,-16.0316,35.5,13.94,92,3,2.14,MW,1690329672
360,sitka,57.0531,-135.33,18.15,73,85,2.9,US,1690329672
361,martapura,-3.4167,114.85,22.05,94,65,0.0,ID,1690329672
362,acapulco de juarez,16.8634,-99.8901,30.19,67,80,2.53,MX,1690329616
363,karratha,-20.7377,116.8463,18.77,73,15,6.38,AU,1690329673
364,hithadhoo,-0.6,73.0833,28.1,79,97,7.03,MV,1690329673
365,newman,37.3138,-121.0208,40.95,8,1,1.83,US,1690329673
366,makoua,0.0069,15.6333,23.65,84,99,1.28,CG,1690329673
367,prince rupert,54.3161,-130.3201,15.05,90,100,3.09,CA,1690329408
368,bandar-e lengeh,26.5579,54.8807,32.57,77,100,6.79,IR,1690329674
369,i-n-salah,27.1935,2.4607,36.92,7,20,2.21,DZ,1690329674
370,boa vista,2.8197,-60.6733,25.99,83,75,2.06,BR,1690329624
371,kokpekty,48.75,82.4,20.71,51,74,1.29,KZ,1690329674
372,nova zagora,42.4833,26.0167,28.15,45,1,2.52,BG,1690329674
373,yarmouth,41.7057,-70.2286,25.19,82,75,4.63,US,1690329674
374,tadine,-21.55,167.8833,21.05,57,90,8.83,NC,1690329675
375,al bawiti,28.3492,28.8659,26.98,51,2,4.2,EG,1690329675
376,filingue,14.3521,3.3168,32.65,50,19,4.53,NE,1690329675
377,holualoa,19.6228,-155.9522,28.08,83,33,3.13,US,1690329675
378,mil'kovo,55.6078,37.7956,18.22,97,79,3.2,RU,1690329675
379,lompoc,34.6391,-120.4579,36.68,67,20,3.6,US,1690329676
380,fortuna,40.5982,-124.1573,22.73,48,20,6.69,US,1690329676
381,abu tij,27.0441,31.319,29.08,22,21,2.51,EG,1690329676
382,hailar,49.2,119.7,21.74,68,92,3.03,CN,1690329676
383,haiku-pauwela,20.9219,-156.3051,28.98,68,20,6.26,US,1690329676
384,finspang,58.7058,15.7674,13.06,94,35,2.21,SE,1690329677
385,cambria,35.5641,-121.0808,41.24,27,0,4.05,US,1690329646
386,baoqing,46.3317,132.2111,26.66,60,71,2.45,CN,1690329677
387,blackwater,-23.5833,148.8833,19.27,95,0,8.74,AU,1690329677
388,tura,25.5198,90.2201,23.96,96,94,2.4,IN,1690329678
389,port douglas,-16.4833,145.4667,22.16,87,96,7.99,AU,1690329678
390,likiep,9.8251,169.3107,28.4,80,91,7.87,MH,1690329678
391,nagqu,31.5,92.0,6.2,89,99,0.04,CN,1690329678
392,umba,66.6871,34.3429,8.88,97,34,0.89,RU,1690329678
393,fort st. john,56.2499,-120.8529,12.94,82,75,7.2,CA,1690329608
394,mata-utu,-13.2816,-176.1745,26.64,75,100,6.65,WF,1690329679
395,sorong,-0.8833,131.25,24.3,90,100,5.51,ID,1690329679
396,chhor,25.5167,69.7667,29.14,79,100,5.22,PK,1690329679
397,kimbe,-5.5502,150.1429,29.89,62,52,5.13,PG,1690329680
398,bubaque,11.2833,-15.8333,26.78,82,100,3.49,GW,1690329680
399,kendari,-3.945,122.4989,24.57,82,15,1.49,ID,1690329680
400,kiruna,67.8557,20.2251,10.51,100,100,0.0,SE,1690329671
401,thinadhoo,0.5333,72.9333,28.1,79,99,6.51,MV,1690329680
402,deogarh,21.5333,84.7333,25.7,90,90,1.73,IN,1690329681
403,severnoye,56.3491,78.3619,14.57,94,22,2.77,RU,1690329681
404,birao,10.2849,22.7882,21.71,93,100,5.07,CF,1690329681
405,akureyri,65.6835,-18.0878,7.96,87,75,5.14,IS,1690329609
406,bogale,16.2833,95.4,25.89,91,97,2.17,MM,1690329681
407,lindenhurst,40.6868,-73.3735,22.38,93,0,1.54,US,1690329682
408,ascension,30.2169,-90.9001,34.47,42,0,1.54,US,1690329682
409,lebyazh'ye,55.2689,66.4947,16.46,75,59,1.23,RU,1690329682
410,kolonia town,6.964,158.206,27.06,89,100,2.57,FM,1690329682
411,ancud,-41.8697,-73.8203,7.78,84,10,4.12,CL,1690329682
412,qa'en,33.7265,59.1844,23.05,19,0,2.72,IR,1690329683
413,keflavik,64.0049,-22.5624,13.24,82,100,3.6,IS,1690329412
414,rochester,43.1548,-77.6156,25.31,81,40,0.89,US,1690329541
415,santa ana,33.7456,-117.8678,41.15,51,40,5.14,US,1690329430
416,ironwood,46.4547,-90.171,29.19,54,0,2.57,US,1690329683
417,kemijarvi,66.7131,27.4306,11.82,89,100,1.66,FI,1690329683
418,ca mau,9.1769,105.15,26.26,89,99,2.51,VN,1690329684
419,el nido,11.1858,119.3956,27.6,85,99,10.0,PH,1690329684
420,pyapon,16.2833,95.6833,25.81,91,97,2.2,MM,1690329684
421,corner brook,48.9667,-57.9484,25.09,90,3,1.98,CA,1690329684
422,urbana,40.1106,-88.2073,31.05,66,0,3.6,US,1690329529
423,shiyan,32.6475,110.7781,25.69,83,100,1.9,CN,1690329622
424,trebisacce,39.8708,16.5312,29.08,79,1,3.91,IT,1690329685
425,fort mcmurray,56.7268,-111.381,19.77,82,100,2.06,CA,1690329685
426,badiyah,22.45,58.8,27.09,74,94,2.45,OM,1690329685
427,rio san juan,19.6439,-70.0763,28.42,86,91,5.19,DO,1690329685
428,borgarnes,64.5383,-21.9206,13.03,80,100,3.77,IS,1690329686
429,gunnison,38.7,-107.0673,26.47,27,71,5.45,US,1690329686
430,corinto,37.9407,22.9573,29.12,38,0,1.39,GR,1690329686
431,patong,7.8961,98.2966,29.45,79,82,5.28,TH,1690329685
432,nabire,-3.3667,135.4833,26.04,85,99,1.63,ID,1690329686
433,maceio,-9.6658,-35.7353,21.69,94,0,1.03,BR,1690329612
434,charters towers,-20.1,146.2667,20.45,60,71,8.99,AU,1690329687
435,vainode,56.4333,21.8667,12.99,97,91,2.39,LV,1690329687
436,uaua,-9.8414,-39.4817,22.81,63,28,5.82,BR,1690329687
437,tavda,58.0425,65.2726,12.73,98,10,2.14,RU,1690329687
438,weyburn,49.6668,-103.8511,35.12,16,27,4.63,CA,1690329510
439,meizhou,24.2977,116.1072,29.0,70,56,1.53,CN,1690329688
440,okha,53.5739,142.9478,17.48,84,100,6.14,RU,1690329688
441,broken hill,-31.95,141.4333,12.57,49,0,3.7,AU,1690329688
442,santa cruz,-17.8,-63.1667,18.03,59,40,4.12,BO,1690329556
443,mikun',62.3547,50.0771,10.13,99,25,1.27,RU,1690329688
444,krasnobrodskiy,54.1581,86.4486,16.64,91,78,1.94,RU,1690329688
445,gaalkacyo,6.7697,47.4308,23.7,69,42,10.52,SO,1690329689
446,dalby,-27.1833,151.2667,16.86,49,0,6.7,AU,1690329689
447,igrim,63.1906,64.4162,15.23,96,100,1.77,RU,1690329689
448,murzuq,25.9155,13.9184,32.17,14,6,4.9,LY,1690329689
449,nar'yan-mar,67.6713,53.087,15.44,76,44,2.14,RU,1690329690
450,aioun,16.6614,-9.6149,28.34,64,88,10.16,MR,1690329690
451,dwarka,22.2394,68.9678,27.64,86,80,6.5,IN,1690329690
452,marakkanam,12.2,79.95,27.87,66,100,5.94,IN,1690329690
453,ippy,6.2679,21.2247,20.2,98,100,1.02,CF,1690329690
454,ketchikan,55.3422,-131.6461,17.69,76,99,2.28,US,1690329690
455,ouallam,14.3188,2.0866,32.87,48,12,4.71,NE,1690329691
456,ad dilam,23.9915,47.1627,33.23,10,99,1.95,SA,1690329691
457,ghat,24.9647,10.1728,32.36,13,38,1.73,LY,1690329691
458,kapuskasing,49.4169,-82.4331,26.05,44,20,4.63,CA,1690329571
459,happy valley-goose bay,53.3168,-60.3315,19.17,88,75,7.2,CA,1690329691
460,boysun,38.2061,67.1986,25.27,23,0,2.08,UZ,1690329691
461,vadlapudi,14.3167,79.8,25.68,79,100,7.0,IN,1690329692
462,trincomalee,8.5711,81.2335,27.05,75,100,8.65,LK,1690329692
463,bandarbeyla,9.4942,50.8122,23.67,83,10,13.95,SO,1690329692
464,lyantor,61.6195,72.1555,15.71,92,85,2.48,RU,1690329692
465,leninskoye,41.7589,69.3864,27.04,21,0,1.68,KZ,1690329692
466,laojunmiao,39.8333,97.7333,22.34,20,83,0.72,CN,1690329692
467,alofi,-19.0595,-169.9187,24.94,61,40,2.57,NU,1690329693
468,codajas,-3.8367,-62.0569,26.87,50,26,1.09,BR,1690329693
469,hotan,37.0997,79.9269,25.3,38,21,0.61,CN,1690329693
470,rengasdengklok,-6.1592,107.2981,25.07,87,100,1.73,ID,1690329693
471,birzebbuga,35.8258,14.5269,29.38,79,0,5.66,MT,1690329693
472,ubinskoye,55.3068,79.6802,15.49,81,18,2.75,RU,1690329693
473,walvis bay,-22.9575,14.5053,11.72,93,59,3.09,NA,1690329693
474,halifax,44.6453,-63.5724,23.94,82,9,7.2,CA,1690329528
475,laela,-8.5667,32.05,12.2,61,1,1.79,TZ,1690329694
476,santa vitoria,-18.8386,-50.1214,24.69,45,83,3.35,BR,1690329694
477,pasir mas,6.0493,102.1399,25.94,100,98,1.28,MY,1690329694
478,faya-largeau,17.9257,19.1043,34.75,14,76,3.42,TD,1690329694
479,sisimiut,66.9395,-53.6735,6.81,84,62,4.1,GL,1690329695
480,owen sound,44.5672,-80.9435,25.5,69,44,0.45,CA,1690329602
481,namibe,-15.1961,12.1522,16.09,89,52,3.95,AO,1690329695
482,xilin hot,43.9667,116.0333,22.5,56,100,2.51,CN,1690329695
483,qamdo,31.1667,97.2333,5.43,83,98,0.28,CN,1690329695
484,dalandzadgad,43.5708,104.425,21.06,48,10,6.28,MN,1690329695
485,onega,63.9061,38.1404,10.61,97,23,2.18,RU,1690329695
486,pinheiro machado,-31.5783,-53.3811,12.81,100,100,2.72,BR,1690329696
487,el porvenir,13.7617,-87.3458,28.63,55,6,2.73,HN,1690329696
488,kolonia,50.9333,6.95,14.92,79,0,1.03,DE,1690329614
489,zouerate,22.7187,-12.4521,33.63,17,8,7.08,MR,1690329696
490,lagunas,-5.2269,-75.6753,26.26,67,37,1.26,PE,1690329696
491,barra dos coqueiros,-10.9089,-37.0386,24.01,88,40,1.54,BR,1690329696
492,carutapera,-1.195,-46.02,24.74,86,95,2.84,BR,1690329450
493,sao jose da coroa grande,-8.8978,-35.1478,23.82,83,48,3.97,BR,1690329697
494,ceres,37.5949,-120.9577,38.2,10,1,4.33,US,1690329660
495,santa ines,-3.6667,-45.38,24.78,68,25,1.79,BR,1690329697
496,suozhen,36.9539,118.1047,28.99,69,36,1.07,CN,1690329698
497,port saint john's,-31.6229,29.5448,15.87,64,100,3.78,ZA,1690329698
498,caleta de carquin,-11.0925,-77.6267,20.08,82,28,5.21,PE,1690329698
499,pont rouge,48.8833,-72.0825,22.06,81,25,2.22,CA,1690329698
500,as sulayyil,20.4607,45.5779,32.14,10,99,0.52,SA,1690329698
501,balabac,7.9868,117.0645,28.42,77,99,7.35,PH,1690329698
502,kristiansund,63.1115,7.732,14.36,94,100,1.03,NO,1690329698
503,kailua-kona,19.6406,-155.9956,30.15,82,52,2.68,US,1690329606
504,dongola,19.1667,30.4833,32.91,13,51,3.65,SD,1690329699
505,nouadhibou,20.931,-17.0347,21.99,83,64,8.23,MR,1690329699
506,brak,27.5496,14.2714,32.85,12,1,5.73,LY,1690329699
507,niafunke,15.9322,-3.9906,31.68,48,71,2.27,ML,1690329699
508,kuytun,54.3419,101.5036,14.06,97,99,2.37,RU,1690329699
509,xiongzhou,25.1167,114.3,28.03,83,78,1.59,CN,1690329699
510,souillac,-20.5167,57.5167,20.21,94,40,1.54,MU,1690329700
511,kibaha,-6.7667,38.9167,19.69,94,20,1.76,TZ,1690329700
512,kilifi,-3.6305,39.8499,23.1,84,46,5.66,KE,1690329700
513,fuling,29.7022,107.3919,25.59,90,100,0.99,CN,1690329700
514,amnat charoen,15.9167,104.75,24.61,94,100,3.4,TH,1690329700
515,sosnogorsk,63.6023,53.8817,13.95,85,84,1.35,RU,1690329700
516,waliso,8.5333,37.9833,15.61,91,92,0.53,ET,1690329639
517,mishkino,55.3389,63.9175,16.77,69,71,2.18,RU,1690329701
518,gorontalo,0.5412,123.0595,27.53,77,80,3.44,ID,1690329701
519,langsa,4.4683,97.9683,24.34,95,100,1.2,ID,1690329701
520,laguna,38.421,-121.4238,38.99,23,0,4.12,US,1690329701
521,piat,17.7905,121.478,26.16,84,100,15.68,PH,1690329702
522,princeville,45.7668,-61.2985,25.36,67,0,1.54,CA,1690329702
523,ghanzi,-21.5667,21.7833,13.89,50,0,6.33,BW,1690329702
524,quibdo,5.6947,-76.6611,25.19,100,100,2.57,CO,1690329702
525,lensk,60.7253,114.9278,24.96,52,61,1.65,RU,1690329702
526,puerto armuelles,8.2833,-82.8667,27.99,70,100,1.34,PA,1690329703
527,puerto san jose,13.9256,-90.8244,29.2,68,23,2.62,GT,1690329703
528,mihai viteazu,46.5333,23.75,17.87,89,45,1.77,RO,1690329703
529,gurupi,-11.7292,-49.0686,24.96,36,0,1.91,BR,1690329672
530,rawson,-43.3002,-65.1023,7.66,81,32,9.39,AR,1690329703
531,cabo san lucas,22.8909,-109.9124,33.12,70,62,4.2,MX,1690329689
532,barra de santo antonio,-9.4047,-35.5072,21.6,83,41,4.12,BR,1690329704
533,akrehamn,59.2667,5.1833,13.14,94,100,3.6,NO,1690329704
534,castillos,-34.1667,-53.8333,12.43,91,100,3.23,UY,1690329704
535,poxoreo,-15.8372,-54.3892,23.38,36,0,2.13,BR,1690329704
536,new plymouth,-39.0667,174.0833,11.0,63,90,5.29,NZ,1690329672
537,villa huidobro,-34.8383,-64.5869,8.21,81,66,3.54,AR,1690329704
538,coquimbo,-29.9533,-71.3436,14.85,88,0,3.6,CL,1690329697
539,rundu,-17.9333,19.7667,14.37,27,63,2.23,NA,1690329705
540,santa lucia,27.9117,-15.5407,19.41,73,20,10.29,ES,1690329705
541,muravlenko,63.7898,74.523,17.32,91,100,2.28,RU,1690329705
542,kiama,-34.6833,150.8667,16.81,77,5,1.97,AU,1690329705
543,gallup,35.5281,-108.7426,34.91,10,0,7.2,US,1690329705
544,moires,35.0532,24.8744,29.01,34,0,0.89,GR,1690329706
545,qarazhal,48.0078,70.7903,22.77,38,81,3.35,KZ,1690329706
546,ar ruways,24.1103,52.7306,32.31,79,100,3.68,AE,1690329706
547,nakasongola,1.3089,32.4564,21.65,58,93,0.88,UG,1690329706
548,taroa,8.7058,171.2275,27.98,82,100,8.85,MH,1690329706
